run_id,suite,implementation,runtime,engine,knitting_version,machine,benchmark,arm,axis_kind,axis_value,axis_label,iterations,warmup,ops_per_iteration,avg_ns,min_ns,p50_ns,p75_ns,p99_ns,max_ns,ops_per_second
1789245992919,types,knitting,bun 1.4.0,JavaScriptCore,0.1.70,Intel(R) Xeon(R) Platinum 8168 CPU @ 2.70GHz (8t),payload type cost,number,batch,1,n=1,300,20000,1,1742.2966666666666,1172,1352,1505,11312,27078,573955.07
1789245992919,types,knitting,bun 1.4.0,JavaScriptCore,0.1.70,Intel(R) Xeon(R) Platinum 8168 CPU @ 2.70GHz (8t),payload type cost,boolean,batch,1,n=1,300,20000,1,1523.7166666666667,1137,1309,1450,3974,14778,656289.99
1789245992919,types,knitting,bun 1.4.0,JavaScriptCore,0.1.70,Intel(R) Xeon(R) Platinum 8168 CPU @ 2.70GHz (8t),payload type cost,null,batch,1,n=1,300,20000,1,1528.78,1136,1245,1384,5061,39349,654116.35
1789245992919,types,knitting,bun 1.4.0,JavaScriptCore,0.1.70,Intel(R) Xeon(R) Platinum 8168 CPU @ 2.70GHz (8t),payload type cost,undefined,batch,1,n=1,300,20000,1,1494.83,1137,1250,1391,2595,50325,668972.39
1789245992919,types,knitting,bun 1.4.0,JavaScriptCore,0.1.70,Intel(R) Xeon(R) Platinum 8168 CPU @ 2.70GHz (8t),payload type cost,bigint (small),batch,1,n=1,300,20000,1,3283.8366666666666,1581,3433,3590,12524,18478,304521.84
1789245992919,types,knitting,bun 1.4.0,JavaScriptCore,0.1.70,Intel(R) Xeon(R) Platinum 8168 CPU @ 2.70GHz (8t),payload type cost,bigint (2^70),batch,1,n=1,300,20000,1,18211.083333333332,11309,18086,19317,36618,110302,54911.62
1789245992919,types,knitting,bun 1.4.0,JavaScriptCore,0.1.70,Intel(R) Xeon(R) Platinum 8168 CPU @ 2.70GHz (8t),payload type cost,string (10 B),batch,1,n=1,300,20000,1,3943.6033333333335,1476,3365,3631,31461,111603,253575.20
1789245992919,types,knitting,bun 1.4.0,JavaScriptCore,0.1.70,Intel(R) Xeon(R) Platinum 8168 CPU @ 2.70GHz (8t),payload type cost,Date,batch,1,n=1,300,20000,1,4902.74,2624,3890,4064,27083,31784,203967.58
1789245992919,types,knitting,bun 1.4.0,JavaScriptCore,0.1.70,Intel(R) Xeon(R) Platinum 8168 CPU @ 2.70GHz (8t),payload type cost,Symbol.for,batch,1,n=1,300,20000,1,4556.7733333333335,2124,3624,3823,23026,90722,219453.53
1789245992919,types,knitting,bun 1.4.0,JavaScriptCore,0.1.70,Intel(R) Xeon(R) Platinum 8168 CPU @ 2.70GHz (8t),payload type cost,Error,batch,1,n=1,300,20000,1,51694.17,32874,49328,55359,112936,188342,19344.54
1789245992919,types,knitting,bun 1.4.0,JavaScriptCore,0.1.70,Intel(R) Xeon(R) Platinum 8168 CPU @ 2.70GHz (8t),payload type cost,json object,batch,1,n=1,300,20000,1,17799.03,6920,17090,19808,56650,173820,56182.84
1789245992919,types,knitting,bun 1.4.0,JavaScriptCore,0.1.70,Intel(R) Xeon(R) Platinum 8168 CPU @ 2.70GHz (8t),payload type cost,json array (11),batch,1,n=1,300,20000,1,24247.383333333335,10732,23666,26033,44295,178929,41241.56
1789245992919,types,knitting,bun 1.4.0,JavaScriptCore,0.1.70,Intel(R) Xeon(R) Platinum 8168 CPU @ 2.70GHz (8t),payload type cost,Uint8Array (1 KiB),batch,1,n=1,300,20000,1,7939.663333333333,3764,5728,6745,31874,123681,125949.92
1789245992919,types,knitting,bun 1.4.0,JavaScriptCore,0.1.70,Intel(R) Xeon(R) Platinum 8168 CPU @ 2.70GHz (8t),payload type cost,ArrayBuffer (1 KiB),batch,1,n=1,300,20000,1,14862.813333333334,5940,10763,18608,40370,200730,67282.01
1789245992919,types,knitting,bun 1.4.0,JavaScriptCore,0.1.70,Intel(R) Xeon(R) Platinum 8168 CPU @ 2.70GHz (8t),payload type cost,Buffer (1 KiB),batch,1,n=1,300,20000,1,10308.756666666666,3810,7367,15084,40619,175609,97004.91
1789245992919,types,knitting,bun 1.4.0,JavaScriptCore,0.1.70,Intel(R) Xeon(R) Platinum 8168 CPU @ 2.70GHz (8t),payload type cost,Int32Array (1 KiB),batch,1,n=1,300,20000,1,23092.94,6024,15346,18106,180738,1878491,43303.28
1789245992919,types,knitting,bun 1.4.0,JavaScriptCore,0.1.70,Intel(R) Xeon(R) Platinum 8168 CPU @ 2.70GHz (8t),payload type cost,Float64Array (1 KiB),batch,1,n=1,300,20000,1,6086.546666666667,3198,4921,5287,30329,157800,164296.78
1789245992919,types,knitting,bun 1.4.0,JavaScriptCore,0.1.70,Intel(R) Xeon(R) Platinum 8168 CPU @ 2.70GHz (8t),payload type cost,BigInt64Array (1 KiB),batch,1,n=1,300,20000,1,17427.47333333333,5342,14872,21264,43949,166899,57380.66
1789245992919,types,knitting,bun 1.4.0,JavaScriptCore,0.1.70,Intel(R) Xeon(R) Platinum 8168 CPU @ 2.70GHz (8t),payload type cost,BigUint64Array (1 KiB),batch,1,n=1,300,20000,1,12814.153333333334,4815,9200,17869,38925,139540,78038.71
1789245992919,types,knitting,bun 1.4.0,JavaScriptCore,0.1.70,Intel(R) Xeon(R) Platinum 8168 CPU @ 2.70GHz (8t),payload type cost,DataView (1 KiB),batch,1,n=1,300,20000,1,8395.576666666666,4216,5970,7449,28822,141995,119110.34
1789245992919,types,knitting,bun 1.4.0,JavaScriptCore,0.1.70,Intel(R) Xeon(R) Platinum 8168 CPU @ 2.70GHz (8t),payload type cost,string (1 KiB),batch,1,n=1,300,20000,1,13004.283333333333,5438,5968,6492,77307,1175839,76897.74
1789245992919,types,knitting,bun 1.4.0,JavaScriptCore,0.1.70,Intel(R) Xeon(R) Platinum 8168 CPU @ 2.70GHz (8t),payload type cost,Promise<number>,batch,1,n=1,300,20000,1,5569.763333333333,2886,4412,4635,46346,120630,179540.84
1789245992919,types,knitting,bun 1.4.0,JavaScriptCore,0.1.70,Intel(R) Xeon(R) Platinum 8168 CPU @ 2.70GHz (8t),payload type cost,number,batch,100,n=100,300,200,100,57109.996666666666,41756,56276,61678,118753,187679,1751006.93
1789245992919,types,knitting,bun 1.4.0,JavaScriptCore,0.1.70,Intel(R) Xeon(R) Platinum 8168 CPU @ 2.70GHz (8t),payload type cost,boolean,batch,100,n=100,300,200,100,46118.9,34731,40482,50785,105195,407853,2168308.44
1789245992919,types,knitting,bun 1.4.0,JavaScriptCore,0.1.70,Intel(R) Xeon(R) Platinum 8168 CPU @ 2.70GHz (8t),payload type cost,null,batch,100,n=100,300,200,100,47249.87666666666,31828,46929,49421,121628,320433,2116407.64
1789245992919,types,knitting,bun 1.4.0,JavaScriptCore,0.1.70,Intel(R) Xeon(R) Platinum 8168 CPU @ 2.70GHz (8t),payload type cost,undefined,batch,100,n=100,300,200,100,43144.596666666665,30681,44337,46081,68751,69724,2317787.34
1789245992919,types,knitting,bun 1.4.0,JavaScriptCore,0.1.70,Intel(R) Xeon(R) Platinum 8168 CPU @ 2.70GHz (8t),payload type cost,bigint (small),batch,100,n=100,300,200,100,74572.47333333333,42114,68293,72151,276216,1079948,1340977.38
1789245992919,types,knitting,bun 1.4.0,JavaScriptCore,0.1.70,Intel(R) Xeon(R) Platinum 8168 CPU @ 2.70GHz (8t),payload type cost,bigint (2^70),batch,100,n=100,300,200,100,367536.46,169938,365787,378563,1309138,1610870,272081.85
1789245992919,types,knitting,bun 1.4.0,JavaScriptCore,0.1.70,Intel(R) Xeon(R) Platinum 8168 CPU @ 2.70GHz (8t),payload type cost,string (10 B),batch,100,n=100,300,200,100,75914.64666666667,44415,71119,79603,222618,891251,1317268.86
1789245992919,types,knitting,bun 1.4.0,JavaScriptCore,0.1.70,Intel(R) Xeon(R) Platinum 8168 CPU @ 2.70GHz (8t),payload type cost,Date,batch,100,n=100,300,200,100,73830.98333333334,44869,68387,73247,113867,940007,1354444.92
1789245992919,types,knitting,bun 1.4.0,JavaScriptCore,0.1.70,Intel(R) Xeon(R) Platinum 8168 CPU @ 2.70GHz (8t),payload type cost,Symbol.for,batch,100,n=100,300,200,100,83538.93333333333,51547,78542,85896,276788,885028,1197046.65
1789245992919,types,knitting,bun 1.4.0,JavaScriptCore,0.1.70,Intel(R) Xeon(R) Platinum 8168 CPU @ 2.70GHz (8t),payload type cost,Error,batch,100,n=100,300,200,100,1457594.6366666667,1067141,1440949,1538376,2659438,2699931,68606.18
1789245992919,types,knitting,bun 1.4.0,JavaScriptCore,0.1.70,Intel(R) Xeon(R) Platinum 8168 CPU @ 2.70GHz (8t),payload type cost,json object,batch,100,n=100,300,200,100,480741.43333333335,207049,463368,510482,1515632,1570533,208012.03
1789245992919,types,knitting,bun 1.4.0,JavaScriptCore,0.1.70,Intel(R) Xeon(R) Platinum 8168 CPU @ 2.70GHz (8t),payload type cost,json array (11),batch,100,n=100,300,200,100,460222.38666666666,271548,467632,541609,1402735,1490527,217286.26
1789245992919,types,knitting,bun 1.4.0,JavaScriptCore,0.1.70,Intel(R) Xeon(R) Platinum 8168 CPU @ 2.70GHz (8t),payload type cost,Uint8Array (1 KiB),batch,100,n=100,300,200,100,370856.31333333335,150307,237592,282434,3751498,3849720,269646.21
1789245992919,types,knitting,bun 1.4.0,JavaScriptCore,0.1.70,Intel(R) Xeon(R) Platinum 8168 CPU @ 2.70GHz (8t),payload type cost,ArrayBuffer (1 KiB),batch,100,n=100,300,200,100,317616.8466666667,141866,224211,239049,3024804,3225153,314844.76
1789245992919,types,knitting,bun 1.4.0,JavaScriptCore,0.1.70,Intel(R) Xeon(R) Platinum 8168 CPU @ 2.70GHz (8t),payload type cost,Buffer (1 KiB),batch,100,n=100,300,200,100,188455.7,105468,169136,180615,1185393,1257417,530628.68
1789245992919,types,knitting,bun 1.4.0,JavaScriptCore,0.1.70,Intel(R) Xeon(R) Platinum 8168 CPU @ 2.70GHz (8t),payload type cost,Int32Array (1 KiB),batch,100,n=100,300,200,100,325782.8,152775,237918,254138,3059322,3882828,306952.98
1789245992919,types,knitting,bun 1.4.0,JavaScriptCore,0.1.70,Intel(R) Xeon(R) Platinum 8168 CPU @ 2.70GHz (8t),payload type cost,Float64Array (1 KiB),batch,100,n=100,300,200,100,145384.97333333333,92346,125018,134465,942442,1041486,687828.99
1789245992919,types,knitting,bun 1.4.0,JavaScriptCore,0.1.70,Intel(R) Xeon(R) Platinum 8168 CPU @ 2.70GHz (8t),payload type cost,BigInt64Array (1 KiB),batch,100,n=100,300,200,100,328173.1,149702,233371,247087,3525051,3824197,304717.24
1789245992919,types,knitting,bun 1.4.0,JavaScriptCore,0.1.70,Intel(R) Xeon(R) Platinum 8168 CPU @ 2.70GHz (8t),payload type cost,BigUint64Array (1 KiB),batch,100,n=100,300,200,100,337108.57,157830,222986,254226,3198668,3287605,296640.34
1789245992919,types,knitting,bun 1.4.0,JavaScriptCore,0.1.70,Intel(R) Xeon(R) Platinum 8168 CPU @ 2.70GHz (8t),payload type cost,DataView (1 KiB),batch,100,n=100,300,200,100,354167.83,154125,255946,274355,3294034,3468435,282352.01
1789245992919,types,knitting,bun 1.4.0,JavaScriptCore,0.1.70,Intel(R) Xeon(R) Platinum 8168 CPU @ 2.70GHz (8t),payload type cost,string (1 KiB),batch,100,n=100,300,200,100,258684.58666666667,142961,215928,246815,1367870,1497953,386571.16
1789245992919,types,knitting,bun 1.4.0,JavaScriptCore,0.1.70,Intel(R) Xeon(R) Platinum 8168 CPU @ 2.70GHz (8t),payload type cost,Promise<number>,batch,100,n=100,300,200,100,114700.38666666667,71893,107916,129376,256089,1313228,871836.64
